Age,Salary,Purchased
56,93021,1
46,84184,1
32,62945,1
60,28140,0
25,98457,0
38,29357,0
56,83673,1
36,80633,1
40,91943,1
28,111111,0
28,93258,0
41,27924,0
53,84286,1
57,108269,1
41,89071,1
20,72326,0
39,105023,1
19,45651,0
41,85202,1
61,63777,1
47,31994,0
55,82263,1
19,74634,0
38,115158,1
50,25800,0
29,52823,0
39,78878,1
61,33708,0
42,27819,0
44,89905,1
59,78870,1
45,24283,0
33,45573,0
32,93707,1
64,45933,0
61,20774,0
20,87055,0
54,25983,0
24,111468,0
38,111334,1
26,33133,0
56,29939,0
35,15781,0
21,71700,0
42,42624,0
31,21823,0
26,33489,0
43,54961,1
19,44118,0
37,115417,1
45,96816,1
64,37263,0
24,28565,0
61,35354,0
25,57951,0
64,106179,1
52,38648,0
31,65729,1
34,56971,1
53,33658,0
57,36253,0
21,79166,0
19,63563,0
23,41390,0
59,103664,1
21,66578,0
46,94025,1
35,118850,1
43,47658,0
61,21852,0
51,109986,1
27,17551,0
53,86947,1
31,76001,1
48,64159,1
32,66707,1
25,48243,0
31,36800,0
40,90939,1
57,72828,1
38,22239,0
33,21710,0
62,36384,0
35,36038,0
64,55846,1
41,102983,1
43,82821,1
42,52991,1
62,94057,1
58,21971,0
46,44139,0
32,100445,1
62,92067,1
18,95257,0
42,99742,1
24,52711,0
26,21530,0
41,26116,0
18,80794,0
61,15282,0
25,94473,0
41,16898,0
28,19135,0
34,21629,0
25,100120,0
52,104087,1
52,80031,1
50,48380,0
22,32071,0
59,35074,0
56,105724,1
58,82843,1
45,54901,1
24,26205,0
26,70661,0
25,20906,0
29,17591,0
51,77987,1
50,78370,1
40,95685,1
41,69400,1
54,40150,0
52,46852,0
61,57870,1
57,67756,1
39,71481,1
44,16283,0
52,48691,0
18,16125,0
52,82065,1
54,41170,0
64,23438,0
31,35095,0
20,31154,0
18,23004,0
22,24752,0
43,70426,1
31,41819,0
56,117168,1
44,107051,1
26,39217,0
32,103708,1
32,47994,0
43,30036,0
59,92275,1
30,112756,0
49,64416,1
56,24587,0
49,110665,1
21,15645,0
47,45930,0
54,96835,1
40,45090,0
56,102489,1
62,67142,1
32,41475,0
60,33888,0
46,58732,1
53,96623,1
30,61305,0
49,61037,1
24,24346,0
39,15587,0
45,27763,0
19,74165,0
59,84615,1
62,51116,1
23,100751,0
45,106353,1
45,105301,1
61,110648,1
61,40556,0
37,74042,1
47,33099,0
28,60096,0
45,86986,1
42,28230,0
56,44009,0
50,85969,1
18,48866,0
44,99246,1
30,91975,0
58,56855,1
20,96557,0
56,21416,0
23,87516,0
25,70915,0
44,33058,0
26,91637,0
54,55718,1
50,47602,0
59,89658,1
61,93112,1
41,73067,1
32,42516,0
49,102969,1
49,16089,0
41,52346,1
58,89663,1
29,25487,0
56,15155,0
19,82494,0
20,91229,0
54,119648,1
34,53547,1
19,43795,0
19,70296,0
45,36447,0
40,51598,1
54,56814,1
49,105751,1
50,90330,1
18,113745,0
36,102960,1
19,78278,0
61,70077,1
43,117932,1
49,86906,1
23,24528,0
49,108812,1
21,65100,0
28,23179,0
34,63781,1
55,70267,1
41,97379,1
22,38952,0
51,68798,1
23,113696,0
39,65939,1
28,44516,0
33,71526,1
50,25449,0
26,65290,0
23,101661,0
33,87954,1
46,37746,0
20,82990,0
37,73810,1
53,98297,1
36,30223,0
43,87237,1
20,17597,0
36,80677,1
37,17659,0
49,101516,1
24,89567,0
58,30037,0
50,61738,1
57,118965,1
56,86678,1
35,27109,0
57,37010,0
18,23787,0
28,23472,0
45,38383,0
42,76709,1
40,84785,1
48,49518,0
47,68909,1
59,33351,0
52,84624,1
24,68330,0
33,30282,0
43,99866,1
19,36778,0
18,39264,0
29,74675,0
22,20075,0
54,90948,1
49,63454,1
26,43365,0
58,87766,1
52,63200,1
36,26002,0
33,28947,0
20,94222,0
37,109840,1
41,93610,1
50,67142,1
41,71307,1
28,19493,0
25,65085,0
53,49228,0
55,94676,1
57,66875,1
37,46655,0
52,58472,1
42,64437,1
52,64416,1
42,74711,1
46,21816,0
35,92175,1
63,79307,1
35,61733,1
19,110028,0
52,26240,0
33,113234,1
58,107493,1
53,113344,1
50,86363,1
21,47762,0
50,23259,0
31,65139,1
38,29849,0
37,96768,1
25,104709,0
24,69869,0
20,78095,0
34,85910,1
50,101710,1
29,38567,0
39,50292,1
39,89813,1
63,112136,1
47,66631,1
55,24885,0
55,74659,1
62,69306,1
25,81314,0
44,80087,1
44,44165,0
51,73929,1
38,82028,1
47,110998,1
50,64812,1
45,65500,1
64,94151,1
50,73643,1
22,59900,0
36,57946,1
21,22851,0
52,31288,0
34,87692,1
61,82580,1
45,22368,0
47,100436,1
46,111136,1
63,61403,1
23,106170,0
52,24168,0
58,101497,1
54,64879,1
41,74871,1
46,104388,1
63,113646,1
48,47174,0
52,114751,1
50,107491,1
38,21581,0
49,86853,1
40,79046,1
50,64678,1
20,41649,0
35,103668,1
42,97325,1
59,29567,0
48,95404,1
20,104906,0
57,111019,1
63,76944,1
41,93002,1
49,43803,0
64,33230,0
39,32862,0
40,58355,1
19,46259,0
44,114075,1
59,102445,1
19,45795,0
43,23770,0
34,26093,0
57,61571,1
50,15193,0
26,115311,0
60,32569,0
56,26190,0
46,77824,1
59,57752,1
43,47327,0
52,57070,1
42,100925,1
41,55197,1
30,17261,0
24,108905,0
53,41512,0
62,21716,0
37,101795,1
18,43933,0
25,19378,0
63,55583,1
33,100371,1
31,44033,0
29,39000,0
40,90868,1
32,57604,1
45,83336,1
51,110074,1
19,110655,0
49,88869,1
40,20410,0
39,98375,1
42,71044,1
39,78315,1
39,111055,1
59,86344,1
23,21796,0
32,101716,1
60,69245,1
54,58056,1
50,32709,0
25,73557,0
61,32543,0
61,52418,1
22,109611,0
56,118291,1
21,118001,0
23,111038,0
62,31724,0
49,18828,0
47,32087,0
64,27605,0
52,46337,0
57,20482,0
33,80333,1
30,107541,0
59,103296,1
47,65952,1
36,20463,0
34,85448,1
36,19648,0
45,48623,0
43,74156,1
54,50634,1
43,59602,1
40,64334,1
26,83648,0
29,37054,0
18,85028,0
18,37207,0
64,95650,1
51,114821,1
49,96554,1
42,36386,0
57,98276,1
62,74518,1
18,67781,0
33,67780,1
56,76440,1
22,59199,0
39,76035,1
46,23210,0
20,59363,0
29,93279,0
43,75348,1
33,70284,1
54,87124,1
39,83847,1
46,37432,0
31,79089,1
45,70398,1
22,114291,0
64,18321,0
47,96348,1
63,52383,1
22,93682,0
29,94190,0
33,67893,1
43,50820,1
43,81262,1
38,18760,0
56,37190,0
53,82411,1
50,38377,0
47,61737,1
54,84569,1
40,53211,1
27,97909,0
22,18744,0
53,39995,0
51,31977,0
48,112938,1
27,49542,0
36,25651,0
49,114239,1
18,93931,0
22,110344,0
62,117112,1
21,31715,0
33,59409,1
41,39306,0
33,34086,0
19,29376,0
45,76350,1
49,86425,1
44,118358,1
37,51636,1
41,101120,1
29,66649,0
52,49610,0
50,25058,0
50,89637,1
60,93033,1
54,85194,1
29,91917,0
20,79200,0
18,61619,0
50,32154,0
57,34539,0
27,75058,0
60,77068,1
61,92313,1
46,114932,1
30,45373,0
29,48154,0
48,21031,0
63,108533,1
19,86975,0
52,37785,0
40,93928,1
34,43669,0
43,109475,1
25,17282,0
46,49624,0
43,63438,1
27,104900,0
43,82534,1
51,46705,0
58,53244,1
24,89964,0
21,52437,0
62,92872,1
28,89878,0
46,87982,1
53,65583,1
42,53392,1
38,22461,0
53,115123,1
27,25516,0
54,94285,1
26,32514,0
41,115962,1
52,51268,1
52,105486,1
53,115424,1
35,51788,1
56,90749,1
49,76049,1
41,77493,1
40,51027,1
49,108547,1
54,57849,1
29,115127,0
30,32858,0
40,99162,1
42,94003,1
52,67395,1
58,54758,1
47,69312,1
34,83670,1
37,97279,1
42,30434,0
39,79047,1
30,62775,0
36,90769,1
53,81677,1
29,98555,0
58,100920,1
36,60734,1
29,116665,0
26,103503,0
24,55603,0
45,91708,1
31,96926,1
48,83803,1
36,54332,1
64,106703,1
33,36312,0
22,108376,0
52,99526,1
29,59179,0
42,86442,1
38,55379,1
53,32297,0
40,17011,0
33,59014,1
56,26738,0
62,109333,1
59,62498,1
56,26120,0
31,23767,0
48,37852,0
22,94239,0
52,15929,0
40,92487,1
46,106575,1
60,110040,1
28,32438,0
35,63515,1
64,20744,0
29,98820,0
26,57417,0
27,22069,0
61,57359,1
34,34799,0
55,113746,1
24,108762,0
63,85188,1
30,104859,0
57,22597,0
59,62093,1
26,52226,0
44,87127,1
19,106369,0
22,92362,0
46,41417,0
54,33693,0
55,94674,1
36,68161,1
25,17169,0
62,99092,1
18,37052,0
39,86849,1
34,88851,1
24,23036,0
42,46778,0
62,42734,0
21,38173,0
53,45403,0
23,81321,0
48,86675,1
36,21344,0
61,33800,0
56,40372,0
44,76516,1
27,35538,0
43,78918,1
36,29973,0
56,86155,1
20,115240,0
62,74500,1
30,51575,0
45,57261,1
37,42716,0
45,18236,0
25,30848,0
58,17352,0
56,16932,0
18,91449,0
20,23556,0
30,101836,0
45,20498,0
42,91118,1
50,65098,1
55,79386,1
23,24569,0
61,71882,1
62,85393,1
49,15340,0
62,58949,1
64,97302,1
38,77443,1
33,106668,1
38,89027,1
28,15138,0
54,15358,0
53,90250,1
52,100376,1
36,114931,1
37,45654,0
35,40879,0
64,96532,1
58,70778,1
31,52772,1
32,73478,1
48,79353,1
18,41762,0
20,28283,0
33,78922,1
40,54420,1
28,70568,0
29,100090,0
27,35219,0
49,72169,1
33,115455,1
25,89965,0
55,61840,1
29,59695,0
41,99754,1
45,92988,1
25,73342,0
45,33951,0
53,16307,0
43,95388,1
25,105768,0
45,50428,1
45,107021,1
54,90774,1
58,53975,1
53,16140,0
44,39842,0
34,41421,0
26,16708,0
50,18630,0
37,34595,0
30,91021,0
45,43308,0
46,59789,1
30,70690,0
63,41086,0
52,31859,0
23,22684,0
35,106088,1
22,16207,0
64,61099,1
42,82496,1
19,81093,0
27,44689,0
47,63651,1
62,28893,0
22,112808,0
50,81418,1
18,118065,0
35,75011,1
49,53635,1
64,71115,1
28,110071,0
38,93405,1
43,87702,1
42,93518,1
39,118651,1
44,87805,1
30,73954,0
50,43064,0
51,94063,1
58,17454,0
52,35878,0
18,66098,0
38,77154,1
23,27991,0
45,83344,1
34,119946,1
22,51593,0
48,51304,1
22,45386,0
55,70220,1
20,84338,0
40,109289,1
54,36083,0
54,33354,0
27,37190,0
27,21142,0
36,43398,0
34,66971,1
38,56862,1
31,113668,1
26,68410,0
63,34503,0
18,63456,0
62,115167,1
30,97035,0
21,23016,0
18,17384,0
57,77320,1
49,30072,0
51,117239,1
45,95018,1
48,55510,1
25,63933,0
56,36826,0
43,83026,1
51,40518,0
20,39045,0
29,65876,0
18,107446,0
61,105102,1
22,66919,0
47,114441,1
47,42103,0
34,51188,1
64,20845,0
40,101698,1
32,51674,1
54,34337,0
38,37313,0
31,41943,0
19,92949,0
28,15276,0
56,66151,1
55,32611,0
51,119641,1
55,26944,0
51,67887,1
35,96442,1
47,64847,1
32,73653,1
44,101072,1
51,71622,1
55,42810,0
50,92842,1
41,25503,0
32,99761,1
47,51976,1
59,26590,0
34,25886,0
22,27866,0
46,81624,1
21,83899,0
27,47792,0
34,24764,0
27,101156,0
34,57727,1
37,93471,1
41,23068,0
22,22295,0
51,56160,1
23,26390,0
19,35131,0
30,109754,0
60,90969,1
60,30038,0
28,67327,0
64,108718,1
40,92064,1
33,36281,0
48,69189,1
28,63511,0
33,23605,0
25,115318,0
21,16381,0
57,81634,1
21,34810,0
42,39322,0
20,56869,0
49,47955,0
20,76388,0
44,25207,0
46,102329,1
49,82628,1
36,43220,0
38,99050,1
22,118546,0
35,89085,1
45,37031,0
59,85721,1
39,95807,1
38,86312,1
23,74766,0
18,27449,0
22,104833,0
58,71699,1
29,96253,0
43,119769,1
63,61092,1
51,78671,1
31,25350,0
43,111158,1
62,115859,1
44,83487,1
26,32622,0
43,85263,1
64,68117,1
39,118990,1
64,73394,1
47,117005,1
60,116084,1
34,38782,0
43,43454,0
53,82904,1
18,30592,0
25,37173,0
52,48204,0
32,50596,1
64,49324,0
39,76202,1
31,104400,1
43,45750,0
45,91112,1
40,31566,0
31,22190,0
41,103607,1
19,53333,0
62,95905,1
43,104571,1
31,16589,0
24,40235,0
20,15159,0
64,27145,0
40,95909,1
63,46921,0
60,119859,1
64,31237,0
62,23244,0
35,29743,0
55,112102,1
52,61101,1
32,99227,1
42,114532,1
54,71378,1
45,86126,1
27,71071,0
56,86121,1
34,89763,1
56,108814,1
39,119350,1
43,27237,0
61,30649,0
42,52713,1
34,88463,1
30,60409,0
37,63766,1
42,61154,1
21,22016,0
27,94563,0
20,63688,0
58,104678,1
62,69238,1
35,73608,1
64,104081,1
53,46897,0
64,65961,1
39,83703,1
51,59757,1
64,41917,0
25,37736,0
57,42990,0
61,77551,1
36,73161,1
59,94623,1
58,37440,0
54,50205,1
23,95811,0
43,70103,1
51,85812,1
62,56627,1
23,118032,0
54,34008,0
50,86274,1
39,47402,0
38,68384,1
23,20793,0
23,117827,0
21,20571,0
47,111867,1
28,31209,0
47,105930,1
48,58148,1
41,106218,1
26,17224,0
20,63695,0
48,47441,0
57,54129,1
54,115252,1
53,77368,1
41,107122,1
48,59760,1
23,38478,0
19,86854,0
37,109230,1
45,100716,1
28,27180,0
21,113538,0
32,30372,0
23,44796,0
47,73272,1
55,104963,1
19,113826,0
32,108635,1
28,69040,0
25,90357,0
43,86368,1
62,93356,1
61,31211,0
22,20842,0
23,78115,0
43,81852,1
21,60968,0
36,32508,0
37,37005,0
50,69575,1
37,95742,1
29,33971,0
64,40599,0
18,102592,0
43,81914,1
31,82055,1
55,102697,1
54,119397,1
28,20355,0
53,69120,1
30,89619,0
60,53342,1
20,100992,0
50,93860,1
23,17257,0
27,42364,0
22,39972,0
40,41654,0
27,95769,0
61,96423,1
19,44320,0
30,35808,0
57,67389,1
19,110690,0
37,49773,0
18,66168,0
54,42747,0
26,91396,0
34,98692,1
26,72505,0
28,100896,0
32,33135,0
41,105887,1
55,111035,1
52,62377,1
47,38554,0
48,77491,1
22,70621,0
61,73283,1
31,100140,1
28,31923,0
26,62591,0
51,77261,1
29,69336,0
52,89083,1
52,75948,1
18,48002,0
57,95098,1
39,88016,1
46,41672,0
25,19213,0
28,25293,0
58,114977,1
54,70860,1
31,77507,1
47,72134,1
52,17100,0
38,76997,1
54,43172,0
22,35132,0
36,33199,0
31,51609,1
43,57965,1
21,23016,0
42,54779,1
62,117797,1
59,46881,0
42,97594,1
35,39472,0
57,115462,1
25,66813,0
56,115368,1
57,51021,1
31,69131,1
49,39087,0
55,27828,0
50,76610,1
40,111664,1
32,16401,0
50,100179,1
42,30193,0
34,107389,1
50,59864,1
64,35307,0
19,117518,0
31,34611,0
57,58791,1
57,26950,0
56,91240,1
23,92403,0
23,17745,0
20,70243,0
24,18866,0
25,47245,0
59,59724,1
32,86354,1
64,66374,1
46,45116,0
50,96029,1
47,108574,1
56,35447,0
44,45431,0
53,32908,0
46,44336,0
55,55992,1
50,70350,1
54,84561,1
44,66955,1
50,76240,1
21,35093,0
39,21155,0
19,61607,0
27,48487,0
22,70668,0
27,35963,0
50,65124,1
55,67870,1
30,71547,0
48,79110,1
64,68554,1
53,35936,0
62,19426,0
41,103839,1
32,42606,0
46,62832,1
25,43151,0
22,94303,0
46,26308,0
64,77522,1
21,60671,0
29,105306,0
62,109108,1
19,17204,0
44,107769,1
48,102265,1
53,46131,0
53,67428,1
43,48870,0
60,118547,1
44,119918,1
22,64067,0
37,73585,1
28,36607,0
27,39968,0
57,113934,1
55,26908,0
23,41423,0
25,89707,0
40,93257,1
64,76215,1
43,70835,1
63,64429,1
60,97152,1
29,53458,0
43,61169,1
30,22659,0
57,75614,1
35,92240,1
42,47793,0
50,61473,1
64,111762,1
57,104388,1
60,112618,1
29,103330,0
61,70751,1
53,93915,1
21,69254,0
22,22006,0
54,89218,1
25,80344,0
59,48840,0
45,47430,0
48,38091,0
26,47983,0
46,38989,0
31,90451,1
57,33990,0
58,105270,1
39,95360,1
28,51081,0
40,26033,0
18,31241,0
63,20939,0
54,62562,1
38,50063,1
43,115000,1
63,91721,1
53,42045,0
40,59769,1
18,62118,0
57,99703,1
32,116948,1
38,36625,0
64,119724,1
26,42076,0
26,79805,0
27,59605,0
43,99565,1
58,103509,1
52,54121,1
42,80101,1
43,46433,0
28,58309,0
55,82468,1
19,59254,0
24,82293,0
35,111258,1
44,52853,1
51,53405,1
44,81652,1
34,58527,1
60,92227,1
61,15492,0
41,108418,1
42,23811,0
24,108344,0
23,39272,0
41,108935,1
50,87010,1
46,107492,1
60,62153,1
39,69110,1
43,28979,0
45,43328,0
38,27867,0
24,74234,0
34,40851,0
37,46279,0
58,111063,1
37,88402,1
39,30449,0
45,91221,1
57,104080,1
24,20451,0
18,102178,0
49,56316,1
30,78064,0
47,78761,1
40,53870,1
36,111566,1
49,45873,0
47,73627,1
46,81155,1
62,114186,1
46,40372,0
47,18642,0
33,43001,0
57,49064,0
36,109826,1
35,29122,0
18,39820,0
31,83431,1
64,70745,1
19,65081,0
45,85902,1
47,23711,0
55,100132,1
21,33793,0
18,23199,0
25,91253,0
46,51191,1
56,25211,0
20,78069,0
49,103896,1
27,71746,0
27,36542,0
36,46312,0
63,60242,1
51,116971,1
50,108783,1
40,102893,1
45,70388,1
49,42691,0
24,92960,0
46,99388,1
25,37601,0
18,33020,0
20,23155,0
41,84119,1
40,96051,1
25,51777,0
64,34710,0
54,39532,0
20,33601,0
50,78227,1
45,19967,0
64,99289,1
25,35022,0
51,58463,1
52,89671,1
49,20722,0
41,42413,0
31,107772,1
49,96050,1
63,117748,1
60,100867,1
33,98596,1
21,81732,0
54,27297,0
38,83323,1
31,38816,0
48,55695,1
35,34702,0
24,40242,0
27,70841,0
24,82712,0
50,100663,1
40,107764,1
38,68574,1
36,100744,1
36,43482,0
53,24171,0
46,115755,1
35,113932,1
19,18696,0
18,35058,0
64,35313,0
22,34149,0
37,68521,1
28,60740,0
59,19956,0
19,90731,0
20,97612,0
40,81641,1
29,78811,0
37,67160,1
22,66313,0
54,78232,1
55,30417,0
47,39729,0
26,45099,0
51,113134,1
61,44961,0
52,27602,0
39,24256,0
61,101120,1
41,49681,0
34,106328,1
27,102440,0
47,79789,1
63,58361,1
40,79503,1
49,49540,0
34,41536,0
34,99700,1
31,78043,1
26,93532,0
57,71575,1
19,17871,0
62,61002,1
42,64812,1
56,37626,0
26,74979,0
39,91057,1
60,81668,1
63,114003,1
21,95070,0
43,104390,1
46,57998,1
62,78814,1
51,119601,1
40,60607,1
54,22812,0
28,76844,0
23,85093,0
35,17179,0
38,58798,1
59,89601,1
53,23275,0
58,65574,1
55,62857,1
51,116484,1
34,35700,0
54,54464,1
42,57351,1
55,108330,1
29,109319,0
40,97534,1
59,28869,0
39,75315,1
38,108688,1
44,35954,0
48,46555,0
23,78353,0
44,97190,1
57,60026,1
51,115772,1
29,61976,0
62,95578,1
24,106502,0
27,60095,0
62,29270,0
34,45908,0
43,30523,0
38,77433,1
45,62068,1
63,34991,0
19,25775,0
60,92801,1
18,99995,0
53,76250,1
43,31673,0
46,42056,0
38,21614,0
28,116556,0
57,22415,0
28,103691,0
53,58884,1
56,31964,0
57,52726,1
52,52044,1
51,72149,1
64,52544,1
41,64976,1
39,47252,0
22,18832,0
50,105811,1
53,95437,1
64,118749,1
37,49148,0
36,76240,1
52,103454,1
60,100076,1
34,92116,1
62,68459,1
60,53402,1
51,72727,1
26,53578,0
43,105453,1
19,37318,0
26,90715,0
26,92787,0
57,100029,1
34,35466,0
18,110742,0
42,60475,1
60,75142,1
57,100160,1
59,41564,0
42,37412,0
56,108526,1
52,66001,1
20,72649,0
54,75957,1
61,50517,1
61,28156,0
47,38064,0
55,40711,0
51,45106,0
29,80458,0
36,31589,0
54,104272,1
61,101511,1
34,116754,1
27,22214,0
64,111117,1
29,100731,0
33,42127,0
41,20141,0
36,43884,0
25,105421,0
48,17708,0
38,33375,0
34,30088,0
40,72615,1
54,60046,1
33,25014,0
23,79425,0
25,18273,0
42,62135,1
35,117842,1
42,45881,0
29,112022,0
32,93077,1
43,23712,0
58,89704,1
62,67874,1
43,84087,1
64,27297,0
49,42128,0
27,83368,0
33,109019,1
24,102599,0
34,103499,1
40,93958,1
43,47920,0
38,26156,0
39,26108,0
24,46845,0
31,17800,0
32,118614,1
24,57712,0
26,17610,0
25,92603,0
40,48872,0
46,25728,0
35,110102,1
48,110319,1
47,35583,0
56,100774,1
52,22263,0
35,82450,1
59,104285,1
56,34456,0
34,106118,1
31,80942,1
48,28689,0
41,47934,0
52,48276,0
61,116968,1
62,34873,0
51,28050,0
20,81216,0
54,99444,1
60,99040,1
57,36644,0
43,77021,1
40,52125,1
61,81899,1
56,57291,1
32,50060,1
21,16538,0
46,51176,1
39,56520,1
42,40675,0
30,33287,0
35,15174,0
50,107268,1
33,49998,0
62,117591,1
59,68312,1
61,27112,0
19,90225,0
52,59814,1
59,100091,1
51,65719,1
47,48919,0
30,88155,0
30,86569,0
35,56328,1
49,85482,1
49,39618,0
52,49675,0
56,116794,1
63,33919,0
46,19173,0
46,41400,0
61,65445,1
33,85305,1
61,52564,1
64,60814,1
27,94747,0
47,103791,1
42,42962,0
56,99892,1
37,100842,1
22,85533,0
18,71184,0
47,97912,1
20,118591,0
62,25578,0
31,33624,0
47,54194,1
21,15389,0
35,114303,1
54,82391,1
42,28794,0
18,73002,0
63,50531,1
32,67815,1
26,19986,0
32,47298,0
41,16481,0
21,71408,0
29,84267,0
54,31835,0
54,42798,0
60,106649,1
23,79887,0
56,34477,0
63,32266,0
41,101328,1
28,100988,0
30,58526,0
51,26889,0
42,39335,0
24,26254,0
21,101610,0
25,26442,0
37,61289,1
46,68747,1
62,52327,1
63,31199,0
27,87827,0
60,15112,0
51,102051,1
43,34581,0
58,74722,1
20,107036,0
23,112562,0
22,31523,0
22,81960,0
64,34552,0
40,25808,0
26,119347,0
52,87525,1
37,38620,0
59,119565,1
52,15887,0
35,46802,0
34,100024,1
41,110549,1
20,96938,0
49,101741,1
52,41049,0
55,92789,1
30,99526,0
64,22846,0
42,105563,1
26,119736,0
21,61220,0
31,61163,1
54,18765,0
51,96486,1
28,60270,0
58,90277,1
20,103278,0
45,105239,1
46,119245,1
26,118159,0
20,37931,0
42,104116,1
51,70633,1
29,95702,0
59,66913,1
26,109776,0
32,40991,0
57,69845,1
42,119092,1
22,113505,0
28,70312,0
51,25561,0
41,31901,0
32,110556,1
55,77875,1
25,40917,0
22,77120,0
43,16988,0
35,29256,0
23,102728,0
54,43230,0
30,74778,0
45,60833,1
22,37625,0
30,47088,0
34,94650,1
57,56167,1
62,118937,1
49,86291,1
46,80303,1
20,91361,0
57,103229,1
51,19117,0
57,105265,1
44,112718,1
30,75710,0
62,109426,1
50,109876,1
23,82054,0
41,45949,0
36,37547,0
33,96882,1
57,83136,1
45,79619,1
50,76842,1
58,109803,1
30,116858,0
60,41990,0
62,31193,0
42,45109,0
59,34233,0
53,96730,1
44,49510,0
55,16306,0
24,18849,0
22,27360,0
60,109767,1
62,60800,1
48,51963,1
40,69330,1
59,66707,1
27,33689,0
49,44084,0
60,55387,1
47,89816,1
56,17642,0
48,57137,1
35,94832,1
53,70561,1
19,77260,0
31,30438,0
30,63442,0
46,118061,1
29,17994,0
56,114575,1
19,16813,0
49,108027,1
30,99381,0
63,70276,1
44,56243,1
58,77912,1
34,75272,1
57,117700,1
48,57051,1
51,93854,1
41,97736,1
62,80618,1
52,16920,0
23,92219,0
36,91872,1
47,96132,1
24,17093,0
27,27905,0
58,39351,0
49,45981,0
51,88903,1
45,85821,1
32,118241,1
47,97289,1
54,99021,1
46,93513,1
39,34874,0
21,65931,0
37,22674,0
49,65516,1
53,109574,1
21,75686,0
44,109851,1
34,84212,1
29,17426,0
39,105009,1
34,83498,1
27,44943,0
18,81395,0
39,59816,1
43,19138,0
35,115728,1
31,106176,1
64,90945,1
46,19017,0
29,25451,0
53,77956,1
52,108863,1
29,25278,0
24,105480,0
46,58764,1
28,16134,0
50,77943,1
23,110667,0
64,69318,1
32,118423,1
49,118998,1
28,75128,0
40,103056,1
43,36869,0
51,117468,1
63,20039,0
51,36281,0
46,25442,0
21,88788,0
34,42586,0
52,68053,1
30,65489,0
58,98104,1
56,101346,1
32,82087,1
46,27625,0
46,49397,0
28,73671,0
49,106785,1
19,81897,0
64,41149,0
31,75030,1
37,84906,1
39,20283,0
28,22610,0
44,58326,1
20,29924,0
34,91162,1
61,115297,1
45,15869,0
46,112088,1
38,16014,0
64,25103,0
33,97522,1
54,111007,1
37,48458,0
23,105605,0
36,97409,1
22,38248,0
20,104160,0
18,58516,0
55,44061,0
32,39170,0
51,23024,0
52,97214,1
42,118792,1
41,100947,1
29,58803,0
35,34296,0
32,106829,1
61,107708,1
33,101664,1
44,33257,0
25,27855,0
63,100178,1
42,116121,1
34,35025,0
46,19458,0
25,78610,0
32,85843,1
44,98961,1
63,64831,1
24,58427,0
20,108809,0
46,53506,1
61,20668,0
41,106470,1
20,62195,0
37,88233,1
63,39417,0
32,96982,1
42,25751,0
47,61218,1
31,22352,0
24,94052,0
34,103835,1
61,112493,1
37,43927,0
53,56094,1
26,116948,0
55,69122,1
39,44493,0
19,107247,0
41,88539,1
25,46707,0
28,83814,0
30,22296,0
34,40398,0
25,50842,0
38,28261,0
35,91709,1
47,110985,1
35,71704,1
63,82173,1
64,46781,0
48,28652,0
55,20103,0
49,40500,0
28,115336,0
62,50529,1
42,33452,0
50,64393,1
55,46174,0
58,79450,1
25,50436,0
28,62406,0
39,78059,1
41,30954,0
58,97722,1
34,27356,0
29,113499,0
63,17187,0
49,92243,1
32,50098,1
33,107471,1
39,36225,0
45,18606,0
37,72620,1
50,47828,0
27,41489,0
57,29387,0
49,84463,1
50,86832,1
19,110980,0
50,17591,0
50,63516,1
58,106683,1
30,77061,0
47,119425,1
50,81736,1
30,96257,0
43,76753,1
39,99774,1
56,26087,0
19,45816,0
55,38408,0
56,15136,0
43,32413,0
63,74500,1
32,99514,1
51,71358,1
59,81197,1
61,115776,1
57,107789,1
28,107420,0
20,47854,0
23,91240,0
26,119523,0
23,105063,0
26,31322,0
56,21968,0
48,42518,0
49,66925,1
58,74848,1
29,108422,0
25,16700,0
25,108782,0
45,116004,1
37,38199,0
64,59589,1
24,47115,0
28,76934,0
37,69316,1
33,20520,0
21,51455,0
23,101465,0
39,56605,1
43,29955,0
20,59049,0
58,28917,0
59,85293,1
31,93581,1
28,79925,0
35,85269,1
29,45954,0
40,111671,1
29,87617,0
30,56458,0
42,104037,1
62,36113,0
36,114977,1
63,105226,1
53,58939,1
62,44345,0
25,61313,0
46,107365,1
49,115598,1
61,84166,1
35,62861,1
23,112406,0
35,64298,1
36,62221,1
39,59942,1
54,18453,0
49,117811,1
58,69935,1
20,58370,0
45,118932,1
27,23328,0
52,30534,0
46,100280,1
32,99925,1
50,51320,1
24,64170,0
29,115546,0
47,95201,1
38,118401,1
48,23640,0
41,115252,1
37,106057,1
54,45049,0
21,20618,0
45,117540,1
61,71053,1
37,16920,0
41,58937,1
49,84724,1
58,27207,0
53,80774,1
51,47972,0
53,25799,0
19,86088,0
32,43916,0
51,85463,1
53,108500,1
23,91700,0
56,52158,1
59,99607,1
29,86696,0
20,76510,0
62,73692,1
35,76744,1
57,30810,0
38,20126,0
32,45009,0
50,114120,1
52,105932,1
43,15192,0
25,51413,0
53,27816,0
47,54082,1
40,80048,1
59,65940,1
61,47130,0
31,55142,1
31,51468,1
19,45698,0
54,25655,0
22,62897,0
55,45075,0
62,24359,0
58,117197,1
64,57056,1
31,66831,1
56,74191,1
42,48272,0
37,29671,0
19,42048,0
56,91274,1
23,40963,0
34,58954,1
42,87309,1
45,117120,1
19,110430,0
52,15717,0
54,26676,0
22,19434,0
18,64810,0
57,118361,1
29,109636,0
53,19994,0
62,19234,0
40,84300,1
64,58949,1
48,52405,1
28,49872,0
27,57215,0
20,38185,0
31,58442,1
33,66759,1
27,56153,0
46,92535,1
27,117023,0
29,17581,0
47,66717,1
58,17763,0
18,107910,0
22,70480,0
37,53759,1
25,91067,0
60,40307,0
29,111371,0
18,26064,0
37,91848,1
45,52548,1
60,51945,1
54,62937,1
64,21476,0
54,66756,1
29,105101,0
54,17382,0
61,64683,1
45,102999,1
64,60276,1
32,48402,0
23,106881,0
61,41946,0
37,94698,1
31,88933,1
19,37335,0
26,60095,0
54,94930,1
37,42197,0
43,37010,0
46,39123,0
18,102923,0
52,17890,0
23,108305,0
54,23026,0
22,79925,0
50,83842,1
31,48665,0
29,24277,0
59,57239,1
37,62664,1
41,63008,1
60,29683,0
51,15670,0
42,104211,1
46,32889,0
56,70612,1
48,59535,1
64,93542,1
60,69319,1
40,107067,1
61,36639,0
55,79712,1
37,31633,0
40,49660,0
62,83975,1
33,47172,0
59,74197,1
25,116158,0
38,73847,1
18,26577,0
25,92299,0
46,35176,0
49,59386,1
55,78972,1
22,104791,0
64,56003,1
39,34996,0
64,115922,1
51,101598,1
18,50931,0
43,50710,1
60,49693,0
27,50740,0
47,92241,1
35,108583,1
34,91502,1
43,32374,0
25,91674,0
64,96471,1
57,60913,1
29,81025,0
44,59516,1
25,102796,0
42,41069,0
63,71233,1
21,99811,0
50,74049,1
18,116820,0
36,54178,1
48,47821,0
33,66727,1
31,75935,1
22,31999,0
58,77522,1
43,53712,1
45,79551,1
19,55172,0
23,48722,0
26,25625,0
50,82165,1
58,91509,1
42,21859,0
30,56609,0
26,58307,0
30,116582,0
48,36839,0
58,42216,0
28,67953,0
21,99481,0
51,75593,1
55,87075,1
63,64522,1
21,114161,0
55,19886,0
36,22485,0
23,46455,0
51,31767,0
35,43453,0
30,91280,0
58,117638,1
40,68442,1
36,66877,1
62,27226,0
28,108405,0
18,37588,0
41,93976,1
24,46709,0
42,62788,1
38,103031,1
32,52019,1
18,59948,0
29,80133,0
24,81458,0
32,42526,0
38,88493,1
36,67198,1
46,114534,1
42,58395,1
50,39031,0
49,90542,1
52,52701,1
61,40939,0
55,64145,1
43,35324,0
28,37867,0
52,15203,0
25,31544,0
63,30899,0
31,44063,0
27,105880,0
19,18748,0
63,81629,1
26,95764,0
20,35884,0
38,40183,0
43,96570,1
25,86246,0
19,34259,0
23,50959,0
45,48457,0
46,100679,1
43,17103,0
42,80901,1
29,59535,0
22,31103,0
51,113046,1
54,105012,1
32,93278,1
61,27391,0
53,117476,1
32,43901,0
60,112537,1
40,96159,1
23,82914,0
63,65357,1
61,101908,1
60,53437,1
62,50503,1
38,111282,1
40,108459,1
60,90403,1
33,56258,1
64,48724,0
32,79286,1
42,89842,1
53,119927,1
28,29908,0
32,107617,1
21,65626,0
38,52228,1
30,38386,0
39,61754,1
36,43302,0
51,75815,1
31,99748,1
21,78344,0
63,50618,1
44,91234,1
46,76114,1
64,85130,1
45,40525,0
52,94818,1
25,29334,0
33,109715,1
59,77767,1
53,21644,0
47,116154,1
35,47933,0
19,58469,0
30,48687,0
21,67656,0
43,32375,0
42,80206,1
47,111462,1
28,51607,0
24,98178,0
48,38993,0
61,59386,1
27,61287,0
56,101724,1
30,113132,0
48,108308,1
24,111393,0
59,91312,1
59,113371,1
53,90324,1
37,86196,1
21,85014,0
24,23210,0
18,25922,0
61,51289,1
62,48340,0
59,54850,1
64,71984,1
30,118699,0
39,99178,1
38,26094,0
39,102959,1
45,48418,0
26,20741,0
43,87374,1
26,83798,0
32,85532,1
27,37164,0
41,50595,1
59,45257,0
25,29211,0
41,110989,1
33,20232,0
43,82753,1
44,67691,1
54,104765,1
21,94768,0
41,40613,0
36,29026,0
53,68535,1
56,109090,1
27,45908,0
42,67113,1
35,34610,0
36,61646,1
53,78185,1
27,87567,0
50,62574,1
22,106051,0
64,117020,1
52,51182,1
61,15570,0
51,112790,1
50,34288,0
38,93824,1
34,44877,0
39,99425,1
54,15917,0
32,90602,1
52,110040,1
45,79575,1
24,87518,0
49,54104,1
28,33062,0
27,31999,0
26,76845,0
31,24941,0
30,76169,0
42,38470,0
19,74821,0
52,101669,1
24,59435,0
38,19529,0
35,98055,1
20,27192,0
59,89102,1
56,87762,1
58,118466,1
28,101795,0
56,49087,0
41,81677,1
63,19627,0
36,71541,1
21,83226,0
43,18255,0
55,72433,1
59,20213,0
49,117412,1
56,34404,0
62,40380,0
63,106056,1
53,34173,0
57,68027,1
54,38989,0
50,39519,0
53,37439,0
20,91949,0
26,29995,0
25,38559,0
50,104049,1
23,20021,0
58,113000,1
56,36119,0
21,66539,0
30,109835,0
19,54350,0
22,61223,0
61,40517,0
44,93653,1
49,37250,0
38,99486,1
25,97895,0
55,104132,1
25,106066,0
20,81798,0
61,69199,1
20,74546,0
39,103151,1
23,18327,0
19,44768,0
40,79418,1
61,109386,1
19,57788,0
55,97384,1
34,61830,1
52,67446,1
51,30160,0
40,71583,1
47,48998,0
25,42230,0
39,24076,0
61,84341,1
53,46085,0
22,70571,0
30,29715,0
46,20750,0
48,93768,1
64,50903,1
33,87489,1
59,47093,0
47,106036,1
33,102954,1
29,49314,0
34,63225,1
33,102985,1
29,98014,0
25,50179,0
37,40338,0
20,107435,0
33,84681,1
47,47101,0
62,17775,0
40,112183,1
45,60619,1
57,60838,1
22,34539,0
37,117274,1
57,72124,1
61,80149,1
18,41616,0
47,94655,1
38,105695,1
37,69567,1
23,52099,0
39,90831,1
35,115246,1
25,76799,0
56,105221,1
49,40479,0
50,61172,1
33,114165,1
29,70863,0
55,57043,1
51,97569,1
31,117438,1
53,30408,0
50,72980,1
40,97956,1
62,31351,0
19,19131,0
58,59825,1
38,26349,0
19,75931,0
44,59254,1
26,53225,0
18,119383,0
28,27453,0
20,33814,0
40,33263,0
43,92694,1
21,30735,0
35,30830,0
23,62893,0
52,59673,1
39,104462,1
60,60066,1
32,115315,1
39,18373,0
54,25335,0
59,38741,0
29,25692,0
64,62295,1
59,60541,1
55,49057,0
35,81983,1
62,34583,0
52,37765,0
47,74287,1
41,38906,0
59,100103,1
47,94675,1
31,61525,1
23,53230,0
20,34520,0
33,100238,1
24,66934,0
31,40566,0
26,88193,0
32,118224,1
38,45134,0
52,25345,0
19,56185,0
44,107949,1
19,85744,0
52,48455,0
35,43018,0
31,69219,1
37,60991,1
35,88616,1
27,102438,0
42,24486,0
19,53862,0
42,73870,1
50,101694,1
53,58856,1
48,116407,1
31,115744,1
18,101055,0
63,46379,0
33,79729,1
63,43378,0
20,69353,0
52,64996,1
58,29031,0
23,95072,0
42,80982,1
30,51683,0
51,32618,0
25,21587,0
38,77790,1
51,46480,0
21,113530,0
42,35527,0
32,38569,0
21,26151,0
62,86094,1
29,74174,0
49,59739,1
49,47954,0
45,50303,1
30,49700,0
48,108036,1
31,82568,1
37,81788,1
35,86045,1
46,52842,1
23,28900,0
49,95059,1
46,16881,0
60,48037,0
19,16630,0
40,35789,0
36,103059,1
48,98494,1
22,61151,0
36,63920,1
51,82231,1
27,95357,0
42,18262,0
19,81981,0
28,96972,0
48,90485,1
32,69722,1
26,104499,0
40,65818,1
36,44932,0
26,21901,0
52,114023,1
38,23597,0
26,78909,0
45,87391,1
63,99214,1
24,23263,0
33,78293,1
33,40805,0
50,106679,1
21,26874,0
21,108065,0
56,101402,1
57,29079,0
34,64850,1
54,87779,1
56,110408,1
46,24018,0
53,64500,1
55,27100,0
56,72021,1
54,34800,0
52,78400,1
24,107446,0
44,44437,0
45,118124,1
39,91537,1
31,61675,1
24,34942,0
54,35862,0
39,26669,0
22,68772,0
19,30916,0
44,25878,0
38,17985,0
55,112905,1
32,88648,1
38,56235,1
27,33931,0
40,107876,1
56,15336,0
22,57933,0
18,99899,0
30,60536,0
38,84504,1
43,114214,1
62,66148,1
38,31279,0
35,83665,1
54,118751,1
62,119433,1
49,86386,1
53,101124,1
34,92485,1
52,89055,1
28,106911,0
38,113618,1
43,92273,1
21,81670,0
51,91474,1
35,69028,1
57,105022,1
52,106632,1
58,86128,1
46,33108,0
46,67495,1
55,97806,1
59,108185,1
38,91533,1
59,114025,1
30,71830,0
58,89640,1
34,67509,1
26,81406,0
58,109220,1
18,54519,0
19,64649,0
46,49524,0
50,111493,1
27,48885,0
57,59369,1
38,116132,1
45,110402,1
28,45676,0
51,79093,1
25,62764,0
39,65799,1
25,94414,0
32,108095,1
34,87307,1
40,97062,1
41,110432,1
62,46923,0
36,116739,1
22,119926,0
49,93388,1
61,62574,1
18,58391,0
40,68664,1
54,82384,1
25,46027,0
30,50464,0
25,49485,0
40,34456,0
60,89795,1
18,50554,0
62,61922,1
41,28409,0
52,84327,1
41,106400,1
34,51639,1
22,115110,0
37,78627,1
38,98424,1
57,34692,0
48,104037,1
63,93840,1
53,69200,1
28,108063,0
32,72415,1
36,33074,0
24,30549,0
45,44963,0
60,106456,1
22,111362,0
22,116607,0
47,67265,1
49,31061,0
25,73226,0
27,43810,0
55,75006,1
64,37800,0
49,90476,1
45,84460,1
34,72767,1
48,43054,0
25,90319,0
57,117789,1
42,60397,1
26,28233,0
19,105020,0
32,40068,0
20,80727,0
53,105610,1
21,85453,0
31,119135,1
58,40832,0
58,101242,1
42,28682,0
27,107298,0
38,38383,0
53,73160,1
29,108332,0
44,38666,0
57,73817,1
19,106198,0
30,49642,0
49,56830,1
48,118067,1
33,25234,0
49,72616,1
49,24221,0
51,26410,0
28,95055,0
27,76413,0
32,16051,0
34,90301,1
57,91918,1
35,93116,1
26,71563,0
42,112859,1
57,59757,1
31,92475,1
42,66257,1
39,110500,1
47,15307,0
37,71889,1
38,83895,1
61,110184,1
49,50944,1
63,114555,1
38,53134,1
52,42323,0
49,86762,1
47,102225,1
56,111507,1
29,40954,0
58,70021,1
64,104959,1
35,110927,1
38,94866,1
30,85427,0
38,19992,0
25,16961,0
63,27497,0
57,47551,0
63,91384,1
24,70755,0
40,28255,0
61,19567,0
49,63847,1
28,119817,0
39,63003,1
39,35389,0
60,59523,1
42,76576,1
39,58919,1
45,97103,1
46,18358,0
30,103535,0
35,91524,1
19,112057,0
46,20698,0
38,81809,1
32,108079,1
44,70805,1
48,46349,0
32,91777,1
40,65248,1
41,90033,1
61,113239,1
30,59041,0
39,46954,0
60,23002,0
54,84783,1
50,102234,1
20,34738,0
36,25703,0
40,64422,1
46,98106,1
47,76899,1
56,27392,0
61,59724,1
64,47299,0
42,30641,0
54,94534,1
64,21305,0
25,113262,0
59,33782,0
33,93257,1
25,92963,0
18,35566,0
61,82766,1
22,21511,0
20,41177,0
18,19765,0
21,35354,0
57,38929,0
52,43820,0
49,44523,0
59,86088,1
51,81163,1
60,92525,1
42,28780,0
27,21589,0
38,49812,0
63,108664,1
56,60939,1
44,66493,1
44,119188,1
19,108326,0
58,55953,1
30,80785,0
26,34309,0
53,69195,1
39,40901,0
59,38576,0
43,46508,0
29,89711,0
34,40464,0
31,75281,1
31,31260,0
51,50440,1
37,110082,1
28,71683,0
33,56430,1
48,16987,0
23,40105,0
36,93484,1
54,28026,0
21,83309,0
64,60927,1
21,90414,0
37,72535,1
27,57946,0
41,71561,1
52,25377,0
43,68592,1
54,22347,0
55,48776,0
38,18783,0
57,70798,1
56,19298,0
38,85204,1
27,101207,0
55,115356,1
63,70161,1
21,75652,0
62,49484,0
37,113614,1
34,35922,0
24,49028,0
21,35316,0
46,91996,1
31,31968,0
20,45266,0
41,110745,1
54,39000,0
33,29011,0
21,17866,0
41,20898,0
51,33395,0
47,54019,1
35,118243,1
36,19006,0
48,49393,0
36,25956,0
63,65042,1
36,111199,1
39,21078,0
41,44631,0
62,110676,1
29,77901,0
47,84497,1
55,109813,1
48,56574,1
53,46417,0
36,103020,1
62,98639,1
53,80006,1
47,109881,1
50,54454,1
35,16587,0
45,69710,1
64,101567,1
28,106748,0
62,90886,1
50,33816,0
34,100824,1
23,44432,0
21,63617,0
37,87373,1
64,49217,0
44,35884,0
32,20454,0
23,89960,0
64,117421,1
31,58618,1
28,98948,0
56,77671,1
26,62111,0
43,54613,1
33,100678,1
22,117928,0
27,74993,0
20,23848,0
30,93672,0
60,81125,1
47,101444,1
62,76602,1
23,87045,0
34,57222,1
62,64223,1
36,80333,1
59,67732,1
52,64420,1
63,90504,1
43,17462,0
22,24460,0
46,114319,1
54,24275,0
37,109213,1
38,28269,0
27,80942,0
22,87920,0
53,37553,0
23,39366,0
43,59036,1
21,32369,0
56,26795,0
56,85021,1
52,83154,1
18,45143,0
41,44425,0
53,103209,1
23,90139,0
58,20368,0
63,19621,0
61,73829,1
48,75294,1
37,29719,0
41,44227,0
42,22566,0
53,27306,0
38,68822,1
47,39042,0
41,30086,0
61,32387,0
59,42042,0
47,104424,1
39,66618,1
45,107050,1
24,33323,0
52,33019,0
45,90426,1
31,55863,1
27,25283,0
33,33279,0
33,61999,1
48,77780,1
59,37908,0
42,76584,1
30,65225,0
23,52952,0
61,115706,1
26,52663,0
62,76381,1
53,62929,1
60,24343,0
37,91173,1
35,115260,1
60,54791,1
38,44134,0
21,62101,0
50,84443,1
44,114111,1
24,72530,0
23,61799,0
32,19827,0
35,111143,1
49,77653,1
28,28699,0
37,117828,1
41,106419,1
32,20313,0
24,28598,0
38,43807,0
59,85423,1
43,84390,1
61,60226,1
31,74550,1
54,95072,1
38,18558,0
35,90308,1
22,65113,0
20,67999,0
40,70878,1
43,51343,1
54,73219,1
41,50186,1
36,51966,1
42,48769,0
38,68218,1
29,34229,0
58,90209,1
50,42877,0
21,73001,0
59,112137,1
24,53084,0
39,96780,1
50,107892,1
34,31806,0
41,103635,1
51,52034,1
45,55317,1
60,70468,1
58,34094,0
56,72796,1
39,25589,0
34,72221,1
51,16657,0
23,113300,0
63,54531,1
